<cfdi:Comprobante xmlns:cfdi="http://www.sat.gob.mx/cfd/4" Version="4.0" Serie="A" Folio="2" Fecha="2025-05-14T16:13:44Z" SubTotal="9576.72" Total="11109.00" Moneda="MXN" LugarExpedicion="97280" TipoDeComprobante="I" MetodoPago="PUE" FormaPago="01">
  <cfdi:Emisor Rfc="CARL123456XY1" Nombre="OXXO" RegimenFiscal="1"></cfdi:Emisor>
  <cfdi:Receptor Rfc="CARL123456XY1" Nombre="OXXO" UsoCFDI="G03"></cfdi:Receptor>
  <cfdi:Conceptos>
    <cfdi:Concepto ClaveProdServ="01010101" Cantidad="1" ClaveUnidad="ACT" Descripcion="Venta relacionada con ticket 9ee9d15069b8f559210bbb79fbeed0" ValorUnitario="9576.72" Importe="9576.72" Descuento="0.00"></cfdi:Concepto>
  </cfdi:Conceptos>
  <cfdi:Impuestos TotalImpuestosTrasladados="1532.28">
    <cfdi:Traslados>
      <cfdi:Traslado Impuesto="002" TipoFactor="Tasa" TasaOCuota="0.160000" Importe="1532.28"></cfdi:Traslado>
    </cfdi:Traslados>
  </cfdi:Impuestos>
</cfdi:Comprobante>