<cfdi:Comprobante xmlns:cfdi="http://www.sat.gob.mx/cfd/4" Version="4.0" Serie="A" Folio="3" Fecha="2025-06-06T21:53:04Z" SubTotal="1681.81" Total="1950.90" Moneda="MXN" LugarExpedicion="97280" TipoDeComprobante="I" MetodoPago="PUE" FormaPago="01">
  <cfdi:Emisor Rfc="CARL123456XY1" Nombre="ELE-GATE" RegimenFiscal="1"></cfdi:Emisor>
  <cfdi:Receptor Rfc="CARL123456XY1" Nombre="ELE-GATE" UsoCFDI="G03"></cfdi:Receptor>
  <cfdi:Conceptos>
    <cfdi:Concepto ClaveProdServ="01010101" Cantidad="1" ClaveUnidad="ACT" Descripcion="Venta relacionada con ticket 19a5a142aca218a7ff5deec2831d6834" ValorUnitario="1681.81" Importe="1681.81" Descuento="0.00"></cfdi:Concepto>
  </cfdi:Conceptos>
  <cfdi:Impuestos TotalImpuestosTrasladados="269.09">
    <cfdi:Traslados>
      <cfdi:Traslado Impuesto="002" TipoFactor="Tasa" TasaOCuota="0.160000" Importe="269.09"></cfdi:Traslado>
    </cfdi:Traslados>
  </cfdi:Impuestos>
</cfdi:Comprobante>