<cfdi:Comprobante xmlns:cfdi="http://www.sat.gob.mx/cfd/4" Version="4.0" Serie="A" Folio="1" Fecha="2025-05-14T16:11:57Z" SubTotal="4788.79" Total="5555.00" Moneda="MXN" LugarExpedicion="97280" TipoDeComprobante="I" MetodoPago="PUE" FormaPago="01">
  <cfdi:Emisor Rfc="CARL123456XY1" Nombre="Papa Jons" RegimenFiscal="1"></cfdi:Emisor>
  <cfdi:Receptor Rfc="CARL123456XY1" Nombre="OXXO" UsoCFDI="G03"></cfdi:Receptor>
  <cfdi:Conceptos>
    <cfdi:Concepto ClaveProdServ="01010101" Cantidad="1" ClaveUnidad="ACT" Descripcion="Venta relacionada con ticket 1e29edc52647d7f8eaccc7fe38fc4a" ValorUnitario="4788.79" Importe="4788.79" Descuento="0.00"></cfdi:Concepto>
  </cfdi:Conceptos>
  <cfdi:Impuestos TotalImpuestosTrasladados="766.21">
    <cfdi:Traslados>
      <cfdi:Traslado Impuesto="002" TipoFactor="Tasa" TasaOCuota="0.160000" Importe="766.21"></cfdi:Traslado>
    </cfdi:Traslados>
  </cfdi:Impuestos>
</cfdi:Comprobante>