<cfdi:Comprobante xmlns:cfdi="http://www.sat.gob.mx/cfd/4" Version="4.0" Serie="A" Folio="3" Fecha="2025-05-14T17:14:27Z" SubTotal="19069.83" Total="22121.00" Moneda="MXN" LugarExpedicion="97280" TipoDeComprobante="I" MetodoPago="PUE" FormaPago="01">
  <cfdi:Emisor Rfc="CARL123456XY1" Nombre="Papa Jons" RegimenFiscal="1"></cfdi:Emisor>
  <cfdi:Receptor Rfc="CARL123456XY1" Nombre="Papa Jons" UsoCFDI="G03"></cfdi:Receptor>
  <cfdi:Conceptos>
    <cfdi:Concepto ClaveProdServ="01010101" Cantidad="1" ClaveUnidad="ACT" Descripcion="Venta relacionada con ticket 5c68ba6abfd8dfde8ced49c7b481b8f0" ValorUnitario="19069.83" Importe="19069.83" Descuento="0.00"></cfdi:Concepto>
  </cfdi:Conceptos>
  <cfdi:Impuestos TotalImpuestosTrasladados="3051.17">
    <cfdi:Traslados>
      <cfdi:Traslado Impuesto="002" TipoFactor="Tasa" TasaOCuota="0.160000" Importe="3051.17"></cfdi:Traslado>
    </cfdi:Traslados>
  </cfdi:Impuestos>
</cfdi:Comprobante>