<cfdi:Comprobante xmlns:cfdi="http://www.sat.gob.mx/cfd/4" Version="4.0" Serie="A" Folio="18" Fecha="2025-05-16T18:41:36Z" SubTotal="775862.50" Total="900000.50" Moneda="MXN" LugarExpedicion="97280" TipoDeComprobante="I" MetodoPago="PUE" FormaPago="01">
  <cfdi:Emisor Rfc="CARL123456XY1" Nombre="Papa Jons" RegimenFiscal="1"></cfdi:Emisor>
  <cfdi:Receptor Rfc="CARL123456XY1" Nombre="Papa Jons" UsoCFDI="G03"></cfdi:Receptor>
  <cfdi:Conceptos>
    <cfdi:Concepto ClaveProdServ="01010101" Cantidad="1" ClaveUnidad="ACT" Descripcion="Venta relacionada con ticket 61f069bebe7c176afff4d19939976ef" ValorUnitario="775862.50" Importe="775862.50" Descuento="0.00"></cfdi:Concepto>
  </cfdi:Conceptos>
  <cfdi:Impuestos TotalImpuestosTrasladados="124138.00">
    <cfdi:Traslados>
      <cfdi:Traslado Impuesto="002" TipoFactor="Tasa" TasaOCuota="0.160000" Importe="124138.00"></cfdi:Traslado>
    </cfdi:Traslados>
  </cfdi:Impuestos>
</cfdi:Comprobante>